time,ego_x,ego_y,Steer,GazeOrigin,EyeHitSite,EyeHitType,vehicle_1_x,vehicle_1_y,vehicle_1_z,vehicle_2_x,vehicle_2_y,vehicle_2_z,vehicle_3_x,vehicle_3_y,vehicle_3_z,ego_x_vel,ego_x_acc,ego_y_vel,ego_y_acc,ego_x_acc_jerk,ego_y_acc_jerk,TTC_1,TTC_2,TTC_3,TTC_MIN,position,lateral_offset,collision,Steer_rate
15.4,3330.916438,4261.690374,0.019,x=333073.750_y=426210.938_z=252.000,x=330091.594_y=422292.500_z=146.481,3,3316.4307291666664,4247.904583333333,140.820007,,,,,,,-3.8342207172424736,-2.361025258637496,-3.3406661190320817,-2.2896888218850737,0.7225161054666751,0.16283172932302747,4.108891339386375,,,4.108891339386375,0,0.6806998471030771,0,0.0010798225484140891
15.5,3330.507,4261.33106,0.019,x=333027.719_y=426170.656_z=252.000,x=0.000_y=0.000_z=0.000,0,3316.400234375,4247.8678125,140.837997,,,,,,,-4.031340583610976,-1.9417290631638233,-3.5404314279443145,-1.9678681656260144,4.1929619547367265,3.218206562590593,3.9186531210525493,,,3.9186531210525493,0,0.6559650502052479,0,0.002464033072766322
15.6,3330.0957499999995,4260.966874,0.02,x=332980.219_y=426128.719_z=250.995,x=0.000_y=0.000_z=0.000,0,3316.358375,4247.8173125,140.945999,,,,,,,-4.160231413543758,-1.3771999795309153,-3.684425439170292,-1.5118262481897757,5.64529083632908,4.560419174362386,3.924066331171607,,,3.924066331171607,0,0.6317183034074992,0,0.003990772999807129
15.7,3329.66075,4260.578562,0.02,x=332938.938_y=426091.812_z=250.996,x=0.000_y=0.000_z=0.000,0,3316.2786250000004,4247.7210625,141.115997,3276.7796875,4194.21875,,,,,-4.2501935708188885,-0.853233104992486,-3.797030324490697,-1.0833410321769503,5.239668745384294,4.284852160128254,4.035258583689539,,,4.035258583689539,0,0.6066346037050533,0,0.002418376150319862
15.8,3329.233436,4260.193312,0.02,x=332897.562_y=426054.562_z=250.998,x=328417.906_y=419956.875_z=149.509,3,3316.172625,4247.5930625,141.324997,3276.7796875,4194.21859375,,,,,-4.27207786281371,-0.458196824485364,-3.852255879029718,-0.7639018327877096,3.9503628050712196,3.194391993892407,4.409068867424929,14.652392483080913,,4.409068867424929,0,0.5826857964401972,0,0.0004955926580067319
15.9,3328.813248,4259.8106880000005,0.02,x=332855.344_y=426016.125_z=251.004,x=332278.625_y=425359.031_z=136.554,3,3316.0326875,4247.424125,141.399994,3276.779479166666,4194.2184375,114.119003,,,,-4.286515663352981,-0.3651308036625679,-3.9039264557255144,-0.7078400075455238,0.9306602082279608,0.5606182524218584,5.050182136134546,14.739371598904507,,5.050182136134546,0,0.5598279565525586,0,-0.0004955926580067319
16.0,3328.374248,4259.406876,0.02,x=332813.125_y=425977.344_z=250.997,x=332363.312_y=425445.750_z=136.189,3,3315.858125,4247.213375,141.610992,3276.77921875,4194.218125,114.119003,,,,-4.354590993671653,-0.49046233185372573,-4.0053627223954935,-0.835987965643516,-1.2533152819115783,-1.2814795809799218,5.336917670214354,13.947286537776229,,5.336917670214354,0,0.5366855489439741,0,-0.002418376150319862
16.1,3327.9296239999994,4258.994062,0.019,x=332769.219_y=425936.688_z=251.000,x=332397.469_y=425509.000_z=135.906,3,3315.6490624999997,4246.9609375,142.052994,3276.778875,4194.2176875000005,114.119003,,,,-4.41775292212478,-0.4983940957553509,-4.102186140146169,-0.8482316516963511,-0.07931763901625144,-0.12243686052835101,6.033286673452453,13.616219683948696,,6.033286673452453,0,0.5139437659191431,0,-0.003989434693560981
16.2,3327.4855,4258.5778119999995,0.019,x=332718.531_y=425889.219_z=250.998,x=332382.281_y=425490.781_z=135.960,3,3315.4159375000004,4246.6794375,142.563995,3276.7783124999996,4194.217,114.119003,,,,-4.444467034727905,-0.32526101316628997,-4.1660404848445225,-0.6955763200298897,1.731330825890609,1.526553316664614,6.7696884448485966,13.480443982567895,,6.7696884448485966,0,0.4919376639120185,0,-0.0024197144565660093
16.3,3327.041126,4258.1574359999995,0.019,x=332674.406_y=425847.500_z=251.004,x=332342.094_y=425447.406_z=136.065,3,3315.1363125000003,4246.3418125,143.141006,3276.7775625,4194.216062500001,114.119003,,,,-4.460995359629148,-0.08515860814226374,-4.222187593898385,-0.48250511130068774,2.401024050240262,2.1307120872920193,9.097779877019285,13.321856776161095,,9.097779877019285,0,0.4706277269305129,0,-0.0005399112742070446
16.4,3326.5861879999998,4257.722498,0.019,x=332632.375_y=425807.344_z=251.000,x=0.000_y=0.000_z=0.000,0,3314.8401249999997,4245.984125,143.649002,3276.77675,4194.2149375,114.119003,,,,-4.446221815820355,0.25272952314070535,-4.250130408710715,-0.16959940880579716,3.3788813128296904,3.1290570249489056,9.405918484366653,12.85134928546631,,9.405918484366653,0,0.44964297132782544,0,-4.43186162003127e-05
16.5,3326.1546879999996,4257.305748000001,0.019,x=332590.062_y=425766.531_z=251.001,x=0.000_y=0.000_z=0.000,0,3314.506,4245.5805,144.391006,3276.77575,4194.213624999999,114.119003,,,,-4.368381653020311,0.6770817911602618,-4.21745997332455,0.2425917105360859,4.243522680195564,4.12191119341883,16.8213954496816,13.391771768209514,,13.391771768209514,0,0.4305075891007651,0,-1.3383062461474186e-06
16.6,3325.7233119999996,4256.8849979999995,0.019,x=332540.906_y=425718.594_z=250.998,x=0.000_y=0.000_z=0.000,0,3314.16075,4245.163375000001,144.623001,3276.7746875000003,4194.2122500000005,114.119003,,,,-4.264914343360589,1.103138374106773,-4.157229666619296,0.6784976259792137,4.260565829465112,4.359059154431278,19.100184289070267,13.234567407241144,,13.234567407241144,0,0.41212778260258315,0,0.0
16.7,3325.308188,4256.47656,0.019,x=332501.875_y=425680.188_z=251.001,x=0.000_y=0.000_z=0.000,0,3313.7634375000002,4244.683187500001,144.852005,3276.7733749999998,4194.2105625,114.119003,,,,-4.116453542745457,1.596567766795593,-4.048668509531945,1.1981972504683056,4.9342939268882,5.196996244890919,22.32394471164986,13.605829389591953,,13.605829389591953,0,0.39508489174777156,0,0.0
16.8,3324.913124,4256.084374,0.019,x=332457.875_y=425636.438_z=252.007,x=0.000_y=0.000_z=0.000,0,3313.3285625000003,4244.157375000001,145.029007,3276.771875,4194.208624999999,114.119003,,,,-3.8884372412486883,2.1436999754649104,-3.857617990276621,1.7801824045961216,5.471322086693173,5.81985154127816,11.924871092953168,14.14496422896589,,11.924871092953168,0,0.3795000542152038,0,0.0
16.9,3324.5586240000002,4255.729312,0.019,x=332424.031_y=425602.500_z=252.005,x=0.000_y=0.000_z=0.000,0,3312.867625,4243.6,145.132004,3276.770125,4194.2065,114.119003,,,,-3.6151760789049265,2.522769163817059,-3.6169281358882146,2.203871972078739,3.7906918835214842,4.236895674826175,7.369251044229262,15.611842888689722,,7.369251044229262,0,0.3660879336675956,0,1.3383062461474186e-06
17.0,3324.2189380000004,4255.386562,0.019,x=332391.750_y=425569.750_z=251.991,x=331457.125_y=424392.188_z=146.575,3,3312.375875,4243.00525,145.091003,3276.76825,4194.2041875,114.119003,,,,-3.3526655937115235,2.6640587427543077,-3.381022639014067,2.399828617756729,1.412895789372488,1.9595664567798998,5.821259653741241,16.144034865957792,,5.821259653741241,0,0.35369609472274727,0,4.43186162003127e-05
17.1,3323.9103139999997,4255.072626,0.019,x=332362.969_y=425540.438_z=252.001,x=331834.750_y=424840.375_z=139.071,3,3311.8440625000003,4242.3619375,145.315002,3276.7661875,4194.201625,114.119003,3265.7625,4186.7128125,,-3.0783458517288174,2.70324070591269,-3.1269865064806988,2.496604086790432,0.39181963158382516,0.9677546903370304,4.404902908704234,17.620066545728374,,4.404902908704234,0,0.3428977072395531,0,0.0005399112742070446
17.2,3323.6340619999996,4254.790002,0.019,x=332331.375_y=425508.188_z=251.998,x=331935.188_y=424980.344_z=138.288,3,3311.2691874999996,4241.6665,145.473999,3276.7639375,4194.19875,114.119003,3265.7623437499997,4186.71265625,,-2.798475368801208,2.63620322114991,-2.86171682855259,2.4793212291542748,-0.6703748476278015,-0.17282857636157445,3.538953909387014,19.562580874815637,22.621178434830693,3.538953909387014,0,0.3335264149416637,0,0.0024210527628121567
17.3,3323.3815000000004,4254.52994,0.02,x=332302.906_y=425478.906_z=252.005,x=331970.562_y=425021.906_z=138.085,3,3310.7005624999997,4240.9786875,144.996002,3276.761625,4194.195937500001,114.119003,3265.7621875,4186.712395833333,112.664001,-2.559599305027038,2.4257789926458475,-2.634507663986091,2.3049722406218276,-2.104242285040625,-1.7434898853244718,3.4895371755658333,21.24522055735437,24.56771220337592,3.4895371755658333,0,0.32526361850467833,0,0.004033753309761294
17.4,3323.1420620000004,4254.281752,0.02,x=332285.312_y=425460.594_z=252.004,x=331962.344_y=425005.000_z=138.201,3,3310.08175,4240.230062500001,144.251007,3276.7591875,4194.192875,114.119003,3265.761953125,4186.712109375,112.664001,-2.34860899439004,2.209881353730987,-2.43311892182289,2.1173588155610865,-2.158976389148606,-1.8761342506074108,3.054844357653982,22.262866150321848,25.732544761075243,3.054844357653982,0,0.31772872740024666,0,0.0029596257307730536
17.5,3322.932062,4254.062564,0.02,x=332264.906_y=425439.250_z=252.001,x=0.000_y=0.000_z=0.000,0,3309.4453750000002,4239.460375000001,143.710999,3276.7565000000004,4194.1895625,114.119003,3265.761625,4186.71175,112.664001,-2.13234556528436,2.023041407666863,-2.223075894658724,1.9574634150464445,-1.868399460641239,-1.5989540051464202,2.8546965703818006,25.26244008823832,29.15007004651821,2.8546965703818006,0,0.3113958336176284,0,0.0029596257307730536
17.6,3322.7422500000002,4253.8633119999995,0.021,x=332242.656_y=425415.844_z=252.001,x=0.000_y=0.000_z=0.000,0,3308.817125,4238.7005625,143.326996,3276.7538125,4194.186125,114.119003,3265.7610624999998,4186.7110625000005,112.664001,-1.9513178878280921,1.7239291205202028,-2.04573319737326,1.6800808215975849,-2.9911228714666027,-2.7738259344885963,2.8928032624353706,27.81675017358832,32.10650426030271,2.8928032624353706,0,0.30587843894860856,0,0.004032415003515147
17.7,3322.559064,4253.670374,0.021,x=332225.875_y=425398.125_z=251.995,x=326759.312_y=417901.781_z=517.346,3,3308.201875,4237.9566875,142.973999,3276.7510625,4194.1826875,114.119003,3265.7603125,4186.7101875,112.664001,-1.8306517199080923,1.359270387983878,-1.9278856274951686,1.326565637174689,-3.6465873253632486,-3.5351518442289587,3.0400521197409143,28.693767730022543,33.14678807777602,3.0400521197409143,0,0.30067044949679694,0,0.002376734146611844
17.8,3322.383752,4253.485060000001,0.021,x=332207.531_y=425378.812_z=252.010,x=0.000_y=0.000_z=0.000,0,3307.5500625,4237.1688125,142.871994,3276.7480625000003,4194.178875,114.119003,3265.759375,4186.709124999999,112.663002,-1.7252824328804972,1.0967546026135508,-1.8250430774569755,1.0615901089016875,-2.6251578537032705,-2.6497552827300153,2.8705078724013267,29.900741800928746,34.512343224245264,2.8705078724013267,0,0.29580815398320764,0,-1.3383062461474186e-06
17.9,3322.22619,4253.317436,0.021,x=332193.250_y=425363.656_z=252.002,x=0.000_y=0.000_z=0.000,0,3306.9289375,4236.4183125,142.865997,3276.7450625,4194.175125,114.119003,3265.7583750000003,4186.7079375,112.663002,-1.6209222819193028,0.8343329366540323,-1.7246831732489696,0.7745927209421906,-2.6242166595951852,-2.869973879594969,3.0607311231816814,33.120151879084325,38.21589872308057,3.0607311231816814,0,0.2916334577539493,0,-0.002422391069058304
18.0,3322.0741900000003,4253.154686,0.02,x=332176.844_y=425346.062_z=251.997,x=0.000_y=0.000_z=0.000,0,3306.301625,4235.6606249999995,142.858994,3276.7420625,4194.17125,114.119003,3265.7571875000003,4186.7065,112.662003,-1.5722138128716718,0.331482103785406,-1.6859999263418097,0.2168419008334413,-5.028508328686263,-5.577508201087493,3.093201305726497,34.15377642050119,39.44345195548584,3.093201305726497,0,0.28779606192976337,0,-0.004616644893922504
18.1,3321.916938,4252.9845000000005,0.02,x=332163.531_y=425331.562_z=252.994,x=0.000_y=0.000_z=0.000,0,3305.66975,4234.897875,142.854004,3276.739,4194.1674375,114.119003,3265.7558125,4186.704937500001,112.662003,-1.61387054209679,-0.41805552155714465,-1.7469845459374396,-0.6112117800404477,-7.495376253425506,-8.280536808738889,3.2023425100374325,32.69557208299329,37.83149660885666,3.2023425100374325,0,0.28415608305557255,0,-0.005920589767792253
18.2,3321.7457499999996,4252.7975,0.019,x=332149.500_y=425316.281_z=252.993,x=330830.344_y=423475.531_z=144.837,3,3305.0265,4234.121875,142.845993,3276.735875,4194.163500000001,114.119003,3265.75425,4186.7030625,112.661003,-1.7383234871585707,-1.276939127194656,-1.8992163174395376,-1.5601009383880675,-8.588836056375113,-9.488891583476198,3.3207826631606268,29.744420062619675,34.4993140448194,3.3207826631606268,0,0.28050882014617295,0,-0.009414431803346498
18.3,3321.558188,4252.590937999999,0.017,x=332128.531_y=425293.188_z=252.998,x=331794.844_y=424805.062_z=139.227,3,3304.3864999999996,4233.350375,142.841003,3276.7326875000003,4194.159562499999,114.119003,3265.7525,4186.701,112.661003,-1.950585289612138,-2.213288486776558,-2.1484200508578777,-2.601088919742125,-9.36349359581902,-10.409879813540574,3.5630903378183767,26.88219068490425,31.250168778913487,3.5630903378183767,0,0.2768177715201003,0,-0.011029808962787923
18.4,3321.337438,4252.3464380000005,0.017,x=332107.250_y=425269.656_z=253.002,x=331782.375_y=424808.844_z=139.187,3,3303.7500625000002,4232.58375,142.832993,3276.7295624999997,4194.155624999999,114.119003,3265.7505625,4186.69875,112.660004,-2.2800503345833194,-3.1897066843064286,-2.5290129056924546,-3.701338605966886,-9.764181975298705,-11.002496862247607,3.9639794210797334,22.602642395682906,26.35096736971314,3.9639794210797334,0,0.2727263349321751,0,-0.008432956375497324
18.5,3321.0633119999998,4252.040626,0.016,x=332082.688_y=425242.250_z=253.004,x=331778.719_y=424783.438_z=139.839,3,3303.117875,4231.8228125000005,142.824005,3276.7264375,4194.151812499999,114.119003,3265.7485625,4186.6963749999995,112.658997,-2.699441189895931,-4.043938729107878,-3.0134774025445683,-4.684409711074314,-8.542320448014493,-9.830711051074278,4.66822199446146,17.970226891786613,21.004887827345698,4.66822199446146,0,0.2680449611376829,0,-0.008747407018002563
18.6,3320.756688,4251.6965,0.015,x=332052.750_y=425208.750_z=253.005,x=331760.406_y=424768.719_z=140.289,3,3302.45475,4231.025375,142.817993,3276.7231874999998,4194.147749999999,114.119003,3265.7463125000004,4186.6936875,112.657997,-3.168346873369292,-4.7225460099329855,-3.5580346564144625,-5.486495624264632,-6.786072808251076,-8.02085913190318,4.787399446553303,15.900720443085872,18.61695347261482,4.787399446553303,0,0.2631835884528384,0,-0.013002606040727222
18.7,3320.384126,4251.276123999999,0.013,x=332012.000_y=425162.781_z=253.003,x=331721.719_y=424719.875_z=141.683,3,3301.803875,4230.2435,142.809006,3276.7200000000003,4194.14375,114.119003,3265.743875,4186.690875,112.656998,-3.7095408668305225,-5.264667300601209,-4.188680720598162,-6.144749620705635,-5.421212906682236,-6.582539964410037,6.151409137438892,12.91897037108239,15.161227342561359,6.151409137438892,0,0.25768597675639743,0,-0.018740226374292367
18.8,3319.958688,4250.793624,0.01,x=331974.719_y=425120.625_z=252.995,x=331594.625_y=424518.656_z=146.358,3,3301.1856875,4229.50175,142.802002,3276.7169999999996,4194.14,114.119003,3265.7414375,4186.688,112.655998,-4.293392457793571,-5.514809842557682,-4.873164055061942,-6.479522696137919,-2.501425419564729,-3.3477307543228374,8.78683075229042,11.162535990473426,13.128633747496707,8.78683075229042,0,0.25185636237411957,0,-0.01981301564703446
18.9,3319.4583759999996,4250.223059999999,0.009,x=331920.406_y=425058.906_z=254.000,x=329226.750_y=420933.062_z=139.982,3,3300.532,4228.718125,142.796005,3276.713875,4194.1360625,114.119003,3265.7387499999995,4186.684812500001,112.654999,-4.839606951121725,-5.350219443685553,-5.5207362597382525,-6.347962890049193,1.6459039887212867,1.3155980608872575,10.912259182749446,9.354674200952413,11.025029478591236,9.354674200952413,0,0.2455738376776416,0,-0.012421052762812157
19.0,3318.941876,4249.63131,0.009,x=331869.344_y=425000.500_z=253.997,x=328616.656_y=419883.469_z=369.828,3,3299.8843125,4227.9430625,142.791,3276.7107499999997,4194.1320625,114.119003,3265.7358750000003,4186.6814375,112.653999,-5.321737462507652,-4.985826224902885,-6.1010473804670236,-5.989535000521933,3.6439321878266817,3.5842788952726057,12.807994297711335,8.936560673991506,10.553231169157117,8.936560673991506,0,0.23958416118234768,0,-0.0047593106306877304
19.1,3318.3475639999997,4248.9468099999995,0.009,x=331801.969_y=424922.906_z=255.000,x=328603.906_y=419859.812_z=545.930,3,3299.2363125,4227.1691875,142.783005,3276.707625,4194.128124999999,114.119003,3265.7328125,4186.677874999999,112.653,-5.802295256601781,-4.594665057802304,-6.685540067156968,-5.593498412585514,3.911611671005808,3.9603658793641916,27.79015576088444,7.636347622533164,9.03980147606048,7.636347622533164,0,0.23334782523755643,0,-0.004220737662726831
19.2,3317.725752,4248.226874000001,0.008,x=331753.156_y=424866.375_z=256.001,x=0.000_y=0.000_z=0.000,0,3298.6166875000004,4226.4306875,142.774994,3276.7045625,4194.1244375,114.119003,3265.729875,4186.6743750000005,112.652,-6.215837597572854,-4.055291817603402,-7.197186984174979,-5.009574927707286,5.39373240198902,5.839234848782278,155.07240326567168,7.173330219476898,8.510896599380217,7.173330219476898,0,0.2275080111019667,0,-0.009464103644531395
19.3,3317.0653140000004,4247.458624000001,0.006,x=331677.031_y=424777.781_z=256.998,x=328350.688_y=419798.656_z=335.483,3,3297.962625,4225.6530625,142.768005,3276.7014375,4194.1204375,114.119003,3265.7266875,4186.670625000001,112.650002,-6.540600429349641,-3.454297193073533,-7.607752093558389,-4.329546479634354,6.009946245298692,6.800284480729317,255.69760239270414,6.635619614413552,7.892052470207717,6.635619614413552,0,0.22195955050123156,0,-0.013448185113107787
19.4,3316.390314,4246.670062,0.005,x=331609.000_y=424698.344_z=258.998,x=331074.125_y=423900.156_z=144.872,3,3297.30425,4224.8726875,142.761993,3276.69825,4194.1164375,114.119003,3265.7234375000003,4186.666749999999,112.649002,-6.833890708700713,-3.023853609911062,-7.980179860550232,-3.8212159435974185,4.304435831624711,5.083305360369357,156.34143169038055,6.376116449426652,7.602862452329182,6.376116449426652,0,0.21690284051658013,0,-0.01286831188588013
19.5,3315.668626,4245.824688000001,0.004,x=331538.656_y=424615.781_z=259.998,x=331203.000_y=424110.375_z=146.214,3,3296.6456875000003,4224.0940625,142.753006,3276.6951249999997,4194.1125,114.119003,3265.7200625,4186.662812500001,112.648003,-7.125377035450957,-2.6269040877619454,-8.347255575835458,-3.3336621075615027,3.969495221491166,4.875538360359157,31.436138568313748,5.852134811375567,6.998506278958839,5.852134811375567,0,0.21190952175400593,0,-0.0123727192278734
19.6,3314.9277500000003,4244.954188000001,0.002,x=331464.031_y=424528.125_z=260.991,x=331143.875_y=424051.500_z=145.618,3,3296.0138749999996,4223.3485625,142.744995,3276.6920625,4194.10875,114.119003,3265.716875,4186.659125,112.647003,-7.334711892065799,-1.948579868494123,-8.615448976851273,-2.5100803971649936,6.783242192678225,8.23581710396509,17.309409659545427,5.589065527583274,6.702481385956268,5.589065527583274,0,0.207265827495802,0,-0.011028470656541781
19.7,3314.1854360000007,4244.080124,0.002,x=331391.906_y=424443.250_z=261.999,x=331070.562_y=423965.844_z=144.872,3,3295.3456250000004,4222.5615,142.738998,3276.688875,4194.1046875,114.119003,3265.7135625,4186.65525,112.644997,-7.433986240545147,-0.9894615430082303,-8.751284953872089,-1.3563530269716901,9.591183254858926,11.537273701933035,25.031670944506548,5.472954186035162,6.582385998155019,5.472954186035162,0,0.20295438963556167,0,-0.005426335416031666
19.8,3313.428686,4243.18775,0.002,x=331306.281_y=424342.219_z=262.001,x=330992.281_y=423893.562_z=144.086,3,3294.7105625000004,4221.814562500001,142.733002,3276.6858125,4194.100874999999,114.119003,3265.7103749999997,4186.6515,112.643997,-7.436361305243453,0.13902987293794095,-8.770533371676585,-0.007644262362173804,11.284914159461712,13.487087646095164,14.982282356945017,5.262411143561509,6.349749932277526,5.262411143561509,0,0.1987979462184453,0,-0.0011254794708605484
19.9,3312.6954360000004,4242.32125,0.002,x=331237.625_y=424261.125_z=261.996,x=330943.719_y=423842.656_z=143.595,3,3294.0786875000003,4221.072375,142.699997,3276.6828125,4194.097124999999,114.119003,3265.7071874999997,4186.6478125,112.642998,-7.294871808001986,1.4095598906909697,-8.61984203284494,1.50213602849386,12.705300177530287,15.097802908560338,17.611814439184602,5.3248186052477715,6.445733299566394,5.3248186052477715,0,0.19510515315723675,0,-9.265215113906756e-05
20.0,3311.9839359999996,4241.478812,0.002,x=331160.125_y=424169.500_z=262.008,x=330624.531_y=423438.719_z=143.570,3,3293.4393125,4220.322125000001,142.447998,3276.6796875,4194.09325,114.119003,3265.7039999999997,4186.644125,112.641998,-7.006413554185658,2.579040686603139,-8.29500767277861,2.8932411095113517,11.694807959121691,13.911050810174915,24.035729489936724,5.383107571265934,6.536068156674326,5.383107571265934,0,0.19182058421234346,0,-9.265215113906756e-05
20.1,3311.3288740000003,4240.701623999999,0.002,x=331097.312_y=424094.812_z=261.003,x=329783.688_y=422294.812_z=144.274,3,3292.7997499999997,4219.572125,142.121994,3276.676625,4194.0893750000005,114.119003,3265.7008125,4186.6403125,112.640999,-6.634073997538962,3.2050368372619413,-7.869128314624085,3.6502235222393615,6.259961506588025,7.569824127280098,89.79854870564436,5.742176879974191,6.994132907881417,5.742176879974191,0,0.1890831921233922,0,-0.0011241411646144008
20.2,3310.701312,4239.955812,0.002,x=331036.125_y=424022.000_z=261.003,x=328594.938_y=420662.969_z=131.514,3,3292.15875,4218.8206875000005,141.791,3276.6735625,4194.0855,114.119003,3265.697625,4186.6365,112.639,-6.300796434109305,3.0881499230056844,-7.4868961853511315,3.5393947136492288,-1.1688691425625697,-1.1082880859013278,192.99989193443372,5.889354451950354,7.1949857644293,5.889354451950354,0,0.18668847440340453,0,-0.005379340187339058
20.3,3310.102874,4239.2433120000005,0.0,x=330978.688_y=423953.594_z=260.006,x=327829.719_y=419618.281_z=226.381,2,3291.5174375,4218.069125,141.350006,3276.6705,4194.0816875,114.119003,3265.6944375,4186.63275,112.638,-6.059224396870039,2.5627211190098107,-7.209246180905733,2.9567938912624907,-5.254288039958737,-5.8260082238673805,48.57483344381242,6.070727504287834,7.438521750953062,6.070727504287834,0,0.1846415368453474,0,-0.010398583843687963
20.4,3309.5090599999994,4238.53625,-0.001,x=330923.812_y=423888.156_z=259.999,x=0.000_y=0.000_z=0.000,0,3290.8668749999997,4217.306625,140.690002,3276.667375,4194.0776875,114.119003,3265.6911875,4186.6289375,112.637001,-5.871330892206224,2.1741282963600805,-6.9894770897156775,2.5430178345395973,-3.8859282264973016,-4.137760567228934,35.61297536260069,6.019324720982877,7.397053806282522,6.019324720982877,0,0.18262267457096568,0,-0.008828863606692992
20.5,3308.9431859999995,4237.862562,-0.001,x=330860.844_y=423813.250_z=259.004,x=0.000_y=0.000_z=0.000,0,3290.2125625,4216.5395,140.309006,3276.6642500000003,4194.0738125,114.119003,3265.6879375,4186.6250625,112.636002,-5.661330530285408,2.1342752455217644,-6.738936178189068,2.5369437345962975,-0.3985305083831614,-0.06074099943299771,22.060335058870777,6.218342540504219,7.6655163334056775,6.218342540504219,0,0.18067959860474098,0,-0.0034995370049800954
20.6,3308.40156,4237.218062000001,-0.001,x=330800.344_y=423741.312_z=259.004,x=0.000_y=0.000_z=0.000,0,3289.5634375,4215.7780625,139.468002,3276.661125,4194.0699374999995,114.119003,3265.68475,4186.62125,112.634003,-5.4311592962253314,2.267459928802273,-6.462029681667357,2.7224189887462322,1.3318468328050859,1.854752541499347,17.967856479908384,6.400495417353733,7.9122699006769945,6.400495417353733,0,0.1787615021086433,0,-0.0006285485066076695
20.7,3307.879498,4236.597312,-0.001,x=330753.156_y=423685.219_z=259.015,x=0.000_y=0.000_z=0.000,0,3288.9178125,4215.020062500001,138.203995,3276.6580625,4194.0660625,114.119003,3265.6814999999997,4186.6174375,112.633003,-5.196609179039761,2.4347552677939843,-6.178572962517352,2.935293534071258,1.6729533899171134,2.128745453250258,15.554210507914206,6.544679468023395,8.114680172337744,6.544679468023395,0,0.1768270983646309,0,-4.6995228692607494e-05
20.8,3307.380624,4236.004747999999,-0.001,x=330707.938_y=423631.406_z=259.000,x=0.000_y=0.000_z=0.000,0,3288.2682499999996,4214.256625,137.733994,3276.6549999999997,4194.0621875,114.119003,3265.6781875,4186.6135625,112.632004,-4.9214453215448275,2.5346965976201568,-5.846581821789586,3.057698892077304,0.9994132982617243,1.224053580060458,12.708276737131968,6.755241991876147,8.400473684901888,6.755241991876147,0,0.17486670424586714,0,-1.3383062461474176e-06
20.9,3306.9298759999997,4235.469748,-0.001,x=330662.875_y=423577.875_z=258.997,x=0.000_y=0.000_z=0.000,0,3287.62025,4213.4938125,135.604004,3276.6518125000002,4194.058312499999,114.119003,3265.6749375,4186.60975,112.630997,-4.646531636823796,2.209673885317125,-5.515685888820267,2.668614405155088,-3.250227123030318,-3.8908448692221587,9.707951770948517,7.386012435143984,9.206883088496584,7.386012435143984,0,0.17302263779136634,0,0.0
21.0,3306.4887499999995,4234.946436,-0.001,x=330611.594_y=423517.062_z=259.002,x=330146.844_y=422854.906_z=143.565,3,3286.9717499999997,4212.728687500001,134.725998,3276.6486875,4194.054375,114.119003,3265.6716875,4186.6059374999995,112.629997,-4.515208291904596,1.2970152961658394,-5.355938766396092,1.5806364625014084,-9.126585891512855,-10.879779426536794,9.283363581570436,7.450906834173646,9.312020123539398,7.450906834173646,0,0.1711692339421565,0,0.0
21.1,3306.0326880000002,4234.405874,-0.001,x=330575.188_y=423473.875_z=259.000,x=330180.656_y=422918.844_z=143.432,3,3286.3153749999997,4211.9528125,133.570007,3276.6455625,4194.050375000001,114.119003,3265.668375,4186.602124999999,112.627998,-4.526297488939163,0.28684253234966217,-5.365258442739037,0.37898388072700506,-10.101727638161773,-12.016525817744034,9.669597859579653,7.109564376959845,8.909989523152442,7.109564376959845,0,0.169167737145445,0,0.0
21.2,3305.5744380000006,4233.863061999999,-0.001,x=330532.781_y=423423.656_z=259.004,x=330185.781_y=422937.875_z=143.357,3,3285.66025,4211.176125,132.427002,3276.6424374999997,4194.0464375,114.119003,3265.6650625,4186.59825,112.626999,-4.564027146051805,-0.4178734522939316,-5.406353626292216,-0.4583584662714461,-7.047159846435937,-8.37342346998451,9.874540533570825,6.977789584262206,8.77104278481276,6.977789584262206,0,0.1670941164340364,0,0.0
21.3,3305.1263120000003,4233.3325620000005,-0.001,x=330480.062_y=423361.219_z=258.999,x=330149.000_y=422886.531_z=143.394,3,3285.0109375,4210.404125,131.539001,3276.6393125000004,4194.0425000000005,114.119003,3265.6618750000002,4186.594500000001,112.625999,-4.652292185918284,-0.9985869175780087,-5.507455760433345,-1.1466898263874485,-5.80713465284077,-6.883313601160023,9.703905471683111,7.039380167122646,8.871548899548063,7.039380167122646,0,0.16500808354691907,0,0.0
21.4,3304.6336239999996,4232.749624000001,-0.001,x=330433.875_y=423306.562_z=259.004,x=329819.594_y=422431.781_z=143.721,3,3284.3737499999997,4209.643125,130.460007,3276.63625,4194.038625,114.119003,3265.6586875000003,4186.59075,112.624001,-4.842930500266606,-1.4569098195309373,-5.7295741292894835,-1.6875736571005366,-4.583229019529287,-5.408838307130881,13.400960140043303,6.300044856531273,7.966502015175876,6.300044856531273,0,0.16265720149737198,0,0.0
21.5,3304.1260620000003,4232.149498000001,-0.001,x=330387.594_y=423251.812_z=258.990,x=328831.312_y=421063.938_z=135.593,3,3283.7364374999997,4208.877812500001,129.714996,3276.6331875,4194.03475,114.119003,3265.6555,4186.5869375,112.623001,-5.00843998027911,-1.5019644493479802,-5.921394767923791,-1.7372076873824798,-0.4505462981704289,-0.4963403028194313,14.729886524232661,6.017005200200431,7.635151319352335,6.017005200200431,0,0.16016059009820952,0,0.0
21.6,3303.6204999999995,4231.552248,-0.001,x=330328.844_y=423182.438_z=258.997,x=327776.594_y=419664.844_z=193.284,2,3283.1076249999996,4208.11875,128.817993,3276.630125,4194.0309375,114.119003,3265.6523125,4186.583125,112.622002,-5.110540397724327,-1.3526888950946976,-6.037702521098643,-1.5567061222369372,1.4927555425328265,1.805015651455426,15.310924510442732,5.943927394417672,7.569396715452839,5.943927394417672,0,0.15758073220272464,0,0.0
21.7,3303.102124,4230.940248000001,-0.001,x=330278.969_y=423123.562_z=258.992,x=0.000_y=0.000_z=0.000,0,3282.47325,4207.347,127.850998,3276.6270625,4194.027062499999,114.119003,3265.6490624999997,4186.5793125,112.621002,-5.252096193755188,-1.381399036238757,-6.200532215249384,-1.5879053285471407,-0.2871014114405934,-0.31199206310203564,15.874514857132372,5.698915351738447,7.284234650184442,5.698915351738447,0,0.15486485568986347,0,0.0
21.8,3302.5471239999997,4230.285436,-0.001,x=330227.250_y=423062.562_z=258.990,x=0.000_y=0.000_z=0.000,0,3281.81025,4206.534375,127.155998,3276.62375,4194.0229375,114.119003,3265.645625,4186.575312499999,112.620003,-5.419279267385651,-1.422688546627215,-6.393470809275278,-1.634714122346952,-0.4128951038845807,-0.46808793799811177,16.48790855869223,5.225236475935116,6.705435069893943,5.225236475935116,0,0.15187941596451143,0,0.0
21.9,3301.999374,4229.6396859999995,-0.001,x=330174.656_y=423000.531_z=259.000,x=0.000_y=0.000_z=0.000,0,3281.1773125,4205.7526875,126.304001,3276.6206875,4194.0190625,114.119003,3265.6423750000004,4186.571437500001,112.617996,-5.532778398838905,-1.3327946526383556,-6.5226648946596715,-1.5271805740116644,0.8989389398885939,1.075335483352875,19.75280772260842,5.195404196771766,6.696124493435134,5.195404196771766,0,0.1488404574421827,0,0.0
22.0,3301.439624,4228.980312,-0.001,x=330110.094_y=422924.469_z=259.003,x=0.000_y=0.000_z=0.000,0,3280.5597499999994,4204.982625,125.574997,3276.617625,4194.0152499999995,114.119003,3265.639125,4186.567687500001,112.616997,-5.660892371999042,-1.2988646065673466,-6.669161947317773,-1.48807983043308,0.33930046071009023,0.39100743578584396,25.472868529154933,4.9858282639396325,6.454040276132158,4.9858282639396325,0,0.1456397068318281,0,1.3383062461474176e-06
22.1,3300.8458739999996,4228.281188,-0.001,x=330055.031_y=422859.594_z=258.999,x=0.000_y=0.000_z=0.000,0,3279.9101875,4204.165687500001,125.004997,3276.6144375,4194.0111875,114.119003,3265.6357500000004,4186.563749999999,112.615997,-5.808538196964316,-1.279641548584296,-6.839332941921019,-1.4689531561476152,0.19223057983050573,0.19126674285464773,24.496782777583253,4.601762169987575,5.985476789003811,4.601762169987575,0,0.1421896807764469,0,4.431861620031266e-05
22.2,3300.262624,4227.594749999999,-0.001,x=329999.188_y=422793.906_z=258.996,x=0.000_y=0.000_z=0.000,0,3279.3020000000006,4203.3939375,124.297997,3276.61125,4194.0073125,114.119003,3265.6325625,4186.5599999999995,112.613998,-5.908223950189321,-1.2116775678473135,-6.953307127421659,-1.3929363733760753,0.6796398073698251,0.7601678277153989,36.02082688093289,4.586024954090926,5.993729496042183,4.586024954090926,0,0.1387419407595471,0,0.0005399112742070441
22.3,3299.660688,4226.886750000001,-0.001,x=329930.406_y=422713.031_z=258.996,x=324345.688_y=414742.562_z=797.656,3,3278.692375,4202.612125,124.428001,3276.6081249999997,4194.0034375000005,114.119003,3265.629375,4186.5561875,112.612999,-6.024150264932652,-1.3098562749031615,-7.086720856803772,-1.513200496715989,-0.9817870705584797,-1.2026412333991376,43.22339343874919,4.344692904127682,5.709032499194442,4.344692904127682,0,0.13510547047415886,0,0.002419714456566007
22.4,3299.0472499999996,4226.165314,0.0,x=329883.062_y=422657.375_z=258.997,x=0.000_y=0.000_z=0.000,0,3278.0890625,4201.831625000001,123.227997,3276.6050625,4193.9995625,114.119003,3265.6261874999996,4186.5524375,112.612,-6.198004479459588,-1.5253280405339975,-7.28919347583604,-1.7727229698722482,-2.1547176563083603,-2.595224731562591,53.59144250557538,4.163382268720774,5.501560716632313,4.163382268720774,0,0.1313826342170833,0,0.003989434693560978
22.5,3298.3956879999996,4225.399188,0.0,x=329809.125_y=422570.438_z=259.002,x=0.000_y=0.000_z=0.000,0,3277.4832499999998,4201.0385625,121.165001,3276.602,4193.9956250000005,114.119003,3265.6229375,4186.548624999999,112.611,-6.3734129794200935,-1.5160417759445641,-7.4940436520982665,-1.767042275992601,0.0928626458943338,0.05680693879647203,60.47346081470998,3.8196662952327416,5.079103836064254,3.8196662952327416,0,0.1274018726405022,0,0.002419714456566007
22.6,3297.7565000000004,4224.64775,0.0,x=329748.281_y=422498.906_z=258.999,x=0.000_y=0.000_z=0.000,0,3276.885625,4200.2459375,121.524002,3276.5988125,4193.991749999999,114.119003,3265.6196874999996,4186.5448125,112.610001,-6.4890002057687335,-1.2244308155355579,-7.628697208943195,-1.4278558589008354,2.9161096040900625,3.3918641709176556,54.87577472769549,3.7950317438964394,5.0784882529562285,3.7950317438964394,0,0.12347153404764984,0,0.0005399112742070441
22.7,3297.08675,4223.860500000001,0.0,x=329673.375_y=422410.844_z=258.998,x=323953.938_y=414963.719_z=810.343,3,3276.2866249999997,4199.443,119.075996,3276.59575,4193.987875,114.119003,3265.6165,4186.5410624999995,112.608002,-6.574279504052927,-0.885499617921825,-7.728048933962159,-1.0339928539804846,3.389311976137329,3.9386300492035087,44.2618671287772,3.5215653523689627,4.745624380933829,3.5215653523689627,0,0.11933195131275218,0,4.5656922446460075e-05
22.8,3296.4346859999996,4223.094062000001,0.0,x=329610.812_y=422337.344_z=259.009,x=0.000_y=0.000_z=0.000,0,3275.6963124999997,4198.639874999999,116.445999,3276.5926874999996,4193.9839999999995,114.119003,3265.6133125,4186.5373125,112.607002,-6.632755703849001,-0.600786931824203,-7.796615695199629,-0.7079106870154412,2.84712686097622,3.2608216696504333,44.640034430420556,3.5181701962263747,4.77506004182704,3.5181701962263747,0,0.11529745929293134,0,4.8333534938754906e-05
22.9,3295.7531860000004,4222.292998,0.0,x=329548.188_y=422263.750_z=259.000,x=323858.156_y=415019.156_z=795.915,3,3275.1094999999996,4197.8323125,115.416,3276.5895625,4193.980125,114.119003,3265.61,4186.5334375,112.606003,-6.673918711467186,-0.3123470141892716,-7.846229325809649,-0.3839623981745185,2.8843991763493135,3.2394828884092273,33.72408277577739,3.26614481697505,4.468522178139652,3.26614481697505,0,0.11108572503799947,0,0.0006285485066076695
23.0,3295.0924980000004,4221.516062000001,0.0,x=329483.125_y=422187.219_z=259.001,x=0.000_y=0.000_z=0.000,0,3274.527625,4197.0188125,114.122002,3276.5864374999996,4193.97625,114.119003,3265.6068125,4186.529625,112.603996,-6.658891551130446,-0.04707257421246877,-7.8322418842587975,-0.09424982244628224,2.652744399768028,2.8971257572823625,36.81426514533626,3.2693074848756334,4.508246860749164,3.2693074848756334,0,0.10706365965401335,0,0.0034995370049800954
23.1,3294.4303120000004,4220.736624,0.001,x=329407.500_y=422098.344_z=258.999,x=324069.062_y=414900.844_z=800.099,3,3273.9770625,4196.238437499999,114.119003,3276.5834999999997,4193.9725,114.119003,3265.60375,4186.526,112.602997,-6.6410326498055365,0.01626524806130666,-7.817794456513164,-0.04610088468863579,0.6333782227377543,0.48148937757646454,28.589650493355233,3.160028775876989,4.394517640443954,3.160028775876989,0,0.10316728299181703,0,0.008827525300446844
23.2,3293.767062,4219.955124,0.003,x=329343.031_y=422022.375_z=259.000,x=0.000_y=0.000_z=0.000,0,3273.4076875,4195.4184374999995,114.119003,3276.580375,4193.9685625,114.119003,3265.6004999999996,4186.522187500001,112.601997,-6.668763482138251,-0.024172229414191834,-7.859708330131538,-0.11980194327832687,-0.4043747747549849,-0.7370105858969108,31.423662795584125,3.054536051889957,4.28591796093751,3.054536051889957,0,0.09941204782819484,0,0.01035426522748765
23.3,3293.08525,4219.150438,0.003,x=329279.656_y=421947.562_z=257.997,x=0.000_y=0.000_z=0.000,0,3272.84625,4194.58625,114.119003,3276.57725,4193.9646875,114.119003,3265.5971875,4186.5183125,112.600998,-6.674871085765453,0.1929285766436598,-7.878781908484138,0.11468500100963394,2.1710080605785165,2.3448694428796077,25.77657836224429,2.8687353728955682,4.065046564268005,2.8687353728955682,0,0.09579106449921453,0,0.004839428913132014
23.4,3292.430812,4218.376564,0.003,x=329216.500_y=421872.906_z=258.002,x=328723.031_y=421182.125_z=134.641,3,3272.296625,4193.742625000001,114.119003,3276.574125,4193.9606875,114.119003,3265.5939375000003,4186.5145625,112.599998,-6.588332903069142,0.6428950716165549,-7.790045854707235,0.6347883378910597,4.499664949728951,5.201033368814257,25.27020773925999,2.8869910070270164,4.130577146960364,2.8869910070270164,0,0.09258769789326515,0,-0.0012955732919516063
23.5,3291.7831880000003,4217.609375999999,0.002,x=329142.094_y=421784.781_z=258.000,x=328690.688_y=421158.531_z=134.178,3,3271.800375,4192.918921875,114.119003,3276.5709374999997,4193.956749999999,114.119003,3265.5906875,4186.5107499999995,112.598,-6.476263019943637,0.951325520940363,-7.670399371267855,1.002654206887004,3.0843044932380814,3.678658689959442,19.658193766696645,2.8152504486610703,4.070074908138853,2.8152504486610703,0,0.08966740302754839,0,-0.0038994591549142052
23.6,3291.147624,4216.8553759999995,0.002,x=329080.188_y=421711.312_z=257.003,x=328721.562_y=421214.531_z=134.722,3,3271.3266875,4192.072828125,114.119003,3276.5678749999997,4193.952875,114.119003,3265.5875,4186.506937499999,112.597,-6.384489599115373,1.1047225997281704,-7.572430222484155,1.1957511872688895,1.533970787878074,1.930969803818856,17.03930157500015,2.7669769697543782,4.0439804575498846,2.7669769697543782,0,0.08700149334204789,0,-0.0024170378440737123
23.7,3290.5075620000002,4216.095564,0.002,x=329019.094_y=421638.688_z=257.006,x=328004.281_y=420166.594_z=124.606,3,3270.9,4191.24403125,114.119003,3276.56475,4193.949,114.119003,3265.5841874999996,4186.5030625,112.596001,-6.257997029363741,1.3786717530289208,-7.432467769825695,1.5275290941630306,2.739491533007503,3.317779068941411,14.11612201534857,2.647455942029824,3.914461891049599,2.647455942029824,0,0.08440334582609559,0,-0.0005399112742070441
23.8,3289.91175,4215.386563999999,0.002,x=328961.750_y=421570.469_z=255.995,x=327196.781_y=419135.125_z=159.671,2,3270.5184375,4190.44203125,114.119003,3276.5616875,4193.9450625,114.119003,3265.581,4186.4993125,112.595001,-6.0612559972429825,1.718318797332838,-7.210465325148592,1.932368319654548,3.3964704430391723,4.048392254915174,13.527962416730341,2.742082184172736,4.0999905549322895,2.742082184172736,0,0.08229739062226878,0,-4.6995228692607494e-05
23.9,3289.319876,4214.681188,0.002,x=328896.312_y=421492.906_z=255.000,x=327173.406_y=419163.094_z=250.196,2,3270.17525,4189.65528125,114.119003,3276.5585625,4193.941250000001,114.119003,3265.5778125,4186.4955625,112.593002,-5.870360257307404,1.9000758865223761,-6.9943566200659575,2.156003687174522,1.8175708918953815,2.236353675199738,12.041870624149189,2.658841172607901,4.023750918695285,2.658841172607901,0,0.0803987313667572,0,-9.131384489292015e-05
24.0,3288.754688,4214.006938,0.002,x=328844.062_y=421430.188_z=253.989,x=0.000_y=0.000_z=0.000,0,3269.8585625,4188.824359374999,114.119003,3276.5554375,4193.9373749999995,114.119003,3265.574625,4186.491749999999,112.592003,-5.685476763246909,2.062036908794565,-6.78310356975846,2.365115242038489,1.6196102227218878,2.0911155486396726,10.71727790119046,2.684694605949778,4.11253633678859,2.684694605949778,0,0.07870902836174089,0,-0.0011254794708605484
24.1,3288.194564,4213.337814,0.002,x=328784.125_y=421358.531_z=251.999,x=0.000_y=0.000_z=0.000,0,3269.5771875,4188.002515624999,114.074997,3276.5522499999997,4193.9333750000005,114.119003,3265.5713124999997,4186.4879375,112.591003,-5.446443887454556,2.381210232105406,-6.5062222436126484,2.770535382768232,3.191733233108409,4.054201407297429,9.891720814486682,2.6085199582925664,4.046958797516404,2.6085199582925664,0,0.07720108971549314,0,-0.0054290120285239605
24.2,3287.6950640000005,4212.739876,0.0,x=328736.344_y=421301.500_z=250.998,x=0.000_y=0.000_z=0.000,0,3269.3009375,4187.15475,113.991997,3276.5491875,4193.9295,114.119003,3265.5681250000002,4186.4841875,112.588997,-5.149182775748898,2.6231478013573923,-6.156029223015992,3.105081588231982,2.419375692519865,3.3454620546375002,9.405033957014348,2.8242121448351742,4.43503353145743,2.8242121448351742,0,0.07608128986250338,0,-0.011119784501434702
24.3,3287.1989399999998,4212.146812000001,-0.001,x=328681.625_y=421235.844_z=249.999,x=0.000_y=0.000_z=0.000,0,3269.0263750000004,4186.3179375,113.875,3276.54625,4193.925812500001,114.119003,3265.565,4186.4804375,112.587997,-4.89165519485063,2.5294924641407484,-5.844568104347936,3.06880953647309,-0.9365533721664399,-0.36272051758892143,9.587563311042203,2.746442610261089,4.368886675145382,2.746442610261089,0,0.07481745382575085,0,-0.013563930214872618
24.4,3286.7402520000005,4211.5995,-0.002,x=328646.531_y=421194.000_z=250.001,x=0.000_y=0.000_z=0.000,0,3268.69725,4185.4345,113.690002,3276.5431249999997,4193.921875,114.119003,3265.56175,4186.4765,112.586998,-4.673164838917451,2.2452626562521987,-5.569948569958009,2.832333589163086,-2.842298078885497,-2.3647594731000376,8.822922558218982,2.878075345386537,4.634519572292557,2.878075345386537,0,0.07346669575393949,0,-0.019553024579046875
24.5,3286.283064,4211.0564380000005,-0.006,x=328596.000_y=421133.719_z=249.004,x=0.000_y=0.000_z=0.000,0,3268.3112499999997,4184.5915625,113.623001,3276.5400624999997,4193.917937499999,114.119003,3265.5584375000003,4186.4726875,112.585999,-4.470416822450556,1.9033116298605441,-5.302123018762352,2.5638594573889018,-3.4195102639165453,-2.6847413177418433,10.379385648425101,2.796750323746613,4.561896541891067,2.796750323746613,0,0.07167243443493534,0,-0.03586391721437653
24.6,3285.872814,4210.572938,-0.009,x=328554.812_y=421085.000_z=247.994,x=0.000_y=0.000_z=0.000,0,3267.8836875,4183.7825625,113.636002,3276.537,4193.914125,114.119003,3265.5551875,4186.4688750000005,112.584999,-4.310245698733475,1.3815265514024198,-5.065859338932081,2.139030418896309,-5.217850784581244,-4.248290384925926,9.899890241364032,3.0349977391901795,5.011204289546445,3.0349977391901795,0,0.06936914246942048,0,-0.06895491147973706
24.7,3285.440064,4210.069876,-0.026,x=328508.031_y=421030.219_z=247.998,x=0.000_y=0.000_z=0.000,0,3267.40925,4182.996,113.352997,3276.533875,4193.910187500001,114.119003,3265.5519374999994,4186.465,112.583,-4.26435820388709,0.7395181386892131,-4.937453775463679,1.6316157387898311,-6.420084127132066,-5.0741468010647806,11.351816242333792,2.801780836369785,4.687170698770443,2.801780836369785,0,0.06567317734941124,0,-0.10829840058645845
24.8,3285.012126,4209.584187999999,-0.035,x=328476.969_y=420994.594_z=247.005,x=327824.562_y=420093.656_z=126.856,3,3266.8944375,4182.204375,112.899002,3276.5305625,4193.9060625,114.119003,3265.5485624999997,4186.4610625000005,112.582001,-4.2444787812533775,0.24256049788761702,-4.810799812445529,1.3479873732844219,-4.969576408015961,-2.8362836550540926,10.323305845943382,2.7763690214422465,4.706847937423741,2.7763690214422465,0,0.059873519401473674,0,-0.1252978400012459
24.9,3284.600126,4209.12775,-0.051,x=328430.844_y=420943.188_z=246.994,x=328026.312_y=420413.750_z=125.244,3,3266.3876250000003,4181.465000000001,112.130997,3276.5274375,4193.9021875,114.119003,3265.5453125,4186.457312500001,112.581001,-4.232035074963707,-0.29839159624387157,-4.65935370878007,1.0870618430990873,-5.409520941314885,-2.609255301853346,11.099125459154086,2.825538355664215,4.855513465802534,2.825538355664215,0,0.052257769060722874,0,-0.13557195225194174
25.0,3284.1745020000003,4208.675498,-0.064,x=328383.125_y=420892.125_z=245.994,x=328055.188_y=420466.219_z=125.587,3,3265.867875,4180.7342499999995,111.271004,3276.524375,4193.898375,114.119003,3265.5420624999997,4186.4535000000005,112.579002,-4.346910683620818,-1.2015443374045605,-4.60736027418951,0.5002312629903543,-9.031527411606888,-5.86830580108733,11.362996577701285,2.7005776186356854,4.707491056439162,2.7005776186356854,0,0.04088000563084539,0,-0.14206858239060893
25.1,3283.715064,4208.20606,-0.08,x=328350.406_y=420858.500_z=244.997,x=327653.000_y=420059.781_z=120.978,3,3265.3355625,4179.999687500001,110.496002,3276.5212500000002,4193.8945,114.119003,3265.5388749999997,4186.4496874999995,112.578003,-4.600279738538025,-2.169550311648498,-4.658392311464787,-0.10241153575396915,-9.680059742439378,-6.026427987443233,12.244100945074152,2.4571123339319456,4.348812560603115,2.4571123339319456,0,0.02518573929973749,0,-0.1419688512354888
25.2,3283.222626,4207.731497999999,-0.092,x=328297.281_y=420806.312_z=245.003,x=326466.000_y=418785.875_z=111.672,3,3264.7990624999998,4179.27325,108.901001,3276.5180625000003,4193.8905625,114.119003,3265.535625,4186.445874999999,112.577003,-4.896566929464036,-2.749928007036827,-4.703408194630105,-0.2853789687419215,-5.803776953883286,-1.829674329879523,13.258216485047475,2.265452455443818,4.07643170843125,2.265452455443818,0,0.0031581006829419596,0,-0.13651504413772858
25.3,3282.705876,4207.263250000001,-0.107,x=328249.938_y=420762.594_z=244.005,x=322355.875_y=414486.562_z=67.012,3,3264.2563125,4178.548124999999,107.589996,3276.5149375,4193.8866875,114.119003,3265.5323125,4186.4420625,112.575996,-5.186885320515058,-3.015019988419608,-4.708860694499848,-0.17636663356939686,-2.6509198138278123,1.0901233517252462,13.219474068653065,2.128712673009181,3.898421172110702,2.128712673009181,0,-0.025372388602522084,0,-0.1240568827732338
25.4,3282.1608140000003,4206.791813999999,-0.118,x=328188.219_y=420709.281_z=242.996,x=0.000_y=0.000_z=0.000,0,3263.7134375,4177.828874999999,106.148003,3276.511875,4193.88275,114.119003,3265.5290625000002,4186.4381875,112.574997,-5.508858200372637,-3.2826113947544786,-4.715689775243397,-0.07787501675705186,-2.6759140633487055,0.98491616812345,13.85616881942596,1.968656160837183,3.6727756538473844,1.968656160837183,0,-0.05955648047201462,0,-0.08327707320073222
25.5,3281.5703759999997,4206.317502,-0.117,x=328129.000_y=420661.781_z=242.983,x=0.000_y=0.000_z=0.000,0,3263.1645624999996,4177.1076875,104.969002,3276.50875,4193.87875,114.119003,3265.5258125,4186.434375,112.572998,-5.882327239542672,-3.555806306280176,-4.724767972281336,0.011192033309909553,-2.731949115256973,0.8906705006696142,13.790774159448397,1.784806396000681,3.3955458951847928,1.784806396000681,0,-0.10320831205368017,0,-0.022659788794417712
25.6,3280.9443760000004,4205.844814,-0.114,x=328082.719_y=420626.781_z=241.991,x=0.000_y=0.000_z=0.000,0,3262.5913124999997,4176.358937499999,103.598,3276.5055,4193.8746249999995,114.119003,3265.522375,4186.430375000001,112.571999,-6.26211546599658,-3.5961548561939924,-4.708617570053164,0.1956784292463433,-0.40348549913816534,1.8448639593643372,12.357347771465783,1.6381473022485582,3.1817615742241636,1.6381473022485582,0,-0.15498623919269436,0,0.020714560026803143
25.7,3280.276814,4205.376564,-0.113,x=328007.656_y=420573.438_z=240.995,x=0.000_y=0.000_z=0.000,0,3262.0353750000004,4175.636312500001,102.376999,3276.5024375000003,4193.87075,114.119003,3265.5190625,4186.4265,112.570999,-6.604173588968084,-3.2912802548567157,-4.658375981276583,0.42556006127829216,3.0487460133727673,2.2988163203194887,12.559487526233957,1.4936915550841567,2.963525030072387,1.4936915550841567,0,-0.21672374473617598,0,0.06587147429687552
25.8,3279.59225,4204.92275,-0.095,x=327942.719_y=420530.406_z=240.996,x=0.000_y=0.000_z=0.000,0,3261.5079375,4174.9533125,100.976997,3276.4994374999997,4193.867,114.119003,3265.516,4186.4228125,112.569,-6.890049186569032,-2.6312236921439833,-4.598943174429236,0.6354596252655406,6.600565627127324,2.098995639872484,12.596632553403522,1.4055890311486583,2.8462379107991644,1.4055890311486583,0,-0.2848332643676056,0,0.14050536431957455
25.9,3278.862688,4204.45775,-0.078,x=327860.469_y=420478.969_z=239.989,x=0.000_y=0.000_z=0.000,0,3260.9455000000003,4174.227000000001,99.666,3276.4963125,4193.8630625,114.119003,3265.51275,4186.419,112.568001,-7.075004164767005,-1.5498511209401045,-4.523328566623158,0.9189612343016196,10.813725712038789,2.83501609036079,11.329196366684938,1.2617077412063264,2.6083690790667093,1.2617077412063264,0,-0.3608143063923873,0,0.22830115500974085
26.0,3278.156,4204.023999999999,-0.037,x=327792.438_y=420438.062_z=239.003,x=0.000_y=0.000_z=0.000,0,3260.3880625,4173.50875,98.884003,3276.4931874999997,4193.8591875,114.119003,3265.5095,4186.4151875,112.567001,-7.0741703074591875,-0.18013128909354892,-4.378957330948033,1.278141155923774,13.697198318465555,3.591799216221545,10.991043141551351,1.249238584874004,2.6296710812536688,1.249238584874004,0,-0.4374483350581381,0,0.2974768362424795
26.1,3277.4553760000003,4203.602188,-0.007,x=327723.031_y=420396.781_z=237.988,x=0.000_y=0.000_z=0.000,0,3259.8481875,4172.8140625,98.168999,3276.490125,4193.855375,114.119003,3265.5063125,4186.4114375,112.566002,-6.943362289773063,1.0216059990647457,-4.2126268664531885,1.4634756003114502,12.017372881582945,1.853344443876761,11.198853879078309,1.204418788993097,2.574675180853626,1.204418788993097,0,-0.5149206561761057,0,0.27732399707803446
26.2,3276.7800020000004,4203.197687999999,0.012,x=327658.000_y=420357.969_z=238.002,x=0.000_y=0.000_z=0.000,0,3259.2889999999998,4172.094875,98.063004,3276.4869375,4193.851375,114.119003,3265.5030625000004,4186.407625000001,112.565002,-6.744162761214059,1.7664459640915242,-4.068594191346165,1.3467161515567927,7.448399650267785,-1.167594487546575,10.637496195527694,1.1950736244294793,2.584754154141385,1.1950736244294793,0,-0.5899851270144051,0,0.18946255390509198
26.3,3276.13194,4202.805438,0.015,x=327595.031_y=420320.188_z=237.003,x=323816.438_y=417004.938_z=385.442,3,3258.7335000000003,4171.3803124999995,97.778999,3276.4838750000004,4193.8474375,114.119003,3265.4998125,4186.403875,112.563004,-6.524574603754019,2.128893363116723,-3.965874485442853,1.063206333103499,3.6244739902519885,-2.835098184532936,10.711500225086821,1.1907672206090516,2.596448857933718,1.1907672206090516,0,-0.6612660862764502,0,0.1301794815149493
26.4,3275.494814,4202.412374,0.034,x=327523.719_y=420276.625_z=235.984,x=323836.344_y=416948.062_z=343.633,3,3258.184,4170.672874999999,96.961998,3276.48075,4193.8435625,114.119003,3265.4965625,4186.4,112.561996,-6.303673000266389,2.4069365364220343,-3.8989273930008332,0.8522991780738589,2.7804317330531125,-2.109071550296402,11.077827397974506,1.1594366451505702,2.537919539218048,1.1594366451505702,0,-0.7299908380820926,0,0.1367308423705911
26.5,3274.889876,4202.030000000001,0.048,x=327468.156_y=420241.344_z=234.999,x=0.000_y=0.000_z=0.000,0,3257.6319375,4169.960875,96.528,3276.477625,4193.839625,114.119003,3265.493375,4186.396125000001,112.560997,-6.026627577771123,2.859865600384078,-3.8219383059578282,0.870924254808672,4.529290639620438,0.18625076734813062,10.908797290458782,1.1735454900223974,2.565852968696264,1.1735454900223974,1,-0.7935744029687671,0,0.14152278907345742
26.6,3274.316312,4201.654688,0.063,x=327403.125_y=420199.188_z=234.974,x=324062.312_y=417282.500_z=335.114,3,3257.092875,4169.2641875,96.375,3276.474625,4193.8358124999995,114.119003,3265.49025,4186.392437500001,112.559998,-5.669791271869684,3.385250933484711,-3.7122907955581814,1.0394272074210342,5.2538533310063285,1.6850295261236226,11.349787467449271,1.1913505306412144,2.5896317408497533,1.1913505306412144,1,-0.8515354732687921,0,0.11100618117137362
26.7,3273.7967479999998,4201.30075,0.064,x=327353.625_y=420165.438_z=233.964,x=0.000_y=0.000_z=0.000,0,3256.556125,4168.568125,95.941002,3276.471625,4193.8320625,114.119003,3265.4870625,4186.38875,112.557999,-5.275728885936155,3.6536266807498112,-3.5837274324270494,1.1460638847431714,2.6837574726510027,1.0663667732213722,10.79983113238464,1.271198756452429,2.735931577396084,1.271198756452429,1,-0.9014977746882015,0,0.06966475087015096
26.8,3273.3038100000003,4200.9529999999995,0.072,x=327305.750_y=420130.812_z=233.010,x=0.000_y=0.000_z=0.000,0,3256.2706249999997,4168.198125,95.776001,3276.4683750000004,4193.8279999999995,114.119003,3265.4836875,4186.38475,112.556999,-4.917140741443627,3.561607721743507,-3.4739849142450714,1.110858396601334,-0.9201895900630408,-0.3520548814183755,17.696093385089718,1.3031382105230724,2.7640627012363748,1.3031382105230724,1,-0.9467239188984937,0,0.050248917394691894
26.9,3272.845936,4200.6143759999995,0.075,x=327261.281_y=420097.719_z=232.993,x=0.000_y=0.000_z=0.000,0,3255.9962499999997,4167.841666666666,94.772003,3276.4653124999995,4193.8241875,114.119003,3265.4805625,4186.3810625,112.556,-4.589918968628472,3.328008169788271,-3.3761721082525114,1.061106829577352,-2.3359955195523607,-0.4975156702398187,19.98796736382527,1.3624545837746502,2.8375712526334596,1.3624545837746502,1,-0.9858908537178547,0,0.031425305373254386
